Key,Section,Priority for native review,English (source),Thai (current — revise this),Thai revised (native fill),Notes
meta.home.title,SEO / meta,Low (SEO),Thai Recall — Speak Thai in real conversations | Android app,Thai Recall — พูดไทยในบทสนทนาจริง | แอปแอนดรอยด์,,
meta.home.desc,SEO / meta,Low (SEO),"Thai Recall helps expats and immersed learners look up Thai phrases, hear native pronunciation in one earbud, speak, and stay in the conversation. Spaced repetition Android app for used language — not textbook drills.",Thai Recall ช่วยชาวต่างชาติและผู้เรียนที่ฝังตัวในไทย ค้นหาวลีไทย ฟังเสียงเจ้าของภาษาในหูฟังข้างเดียว พูดออกไป และอยู่กับบทสนทนาต่อ แอปทบทวนแบบเว้นระยะสำหรับภาษาที่ใช้จริง,,
meta.how.title,SEO / meta,Low (SEO),"How Thai Recall works — look up, listen, speak Thai",วิธีใช้ Thai Recall — ค้นหา ฟัง พูดไทย,,
meta.how.desc,SEO / meta,Low (SEO),"Search the Thai phrase you almost know, hear it in one earbud, repeat it, and continue talking. Optional live lookup, personal library, and spaced repetition for real-life Thai.",ค้นหาวลีไทยที่เกือบจะนึกออก ฟังในหูฟังข้างเดียว พูดตาม แล้วคุยต่อ ค้นหาสดได้ คลังส่วนตัว และการทบทวนแบบเว้นระยะสำหรับไทยในชีวิตจริง,,
meta.pedagogy.title,SEO / meta,Low (SEO),Pedagogy — spaced repetition & used Thai | Thai Recall,ทฤษฎีการเรียนรู้ — ทบทวนเว้นระยะและภาษาไทยที่ใช้จริง | Thai Recall,,
meta.pedagogy.desc,SEO / meta,Low (SEO),"Why Thai Recall uses situational phrases, single-earbud listening, desirable difficulty, and spaced repetition — theory that survives markets, taxis, and temple-side cafés.",ทำไม Thai Recall ใช้วลีตามสถานการณ์ หูฟังข้างเดียว ความยากที่เอื้อต่อการเรียนรู้ และการทบทวนแบบเว้นระยะ — ทฤษฎีที่รอดในตลาด แท็กซี่ และคาเฟ่ใกล้วัด,,
meta.about.title,SEO / meta,Low (SEO),About Graham Osborn — creator of Thai Recall,เกี่ยวกับ Graham Osborn — ผู้สร้าง Thai Recall,,
meta.about.desc,SEO / meta,Low (SEO),"Graham Osborn (MEd Educational Technology & ELT, University of Manchester) built Thai Recall from long-term life in Thailand — a conversation companion for people who already know some Thai.",Graham Osborn (MEd เทคโนโลยีการศึกษาและ ELT มหาวิทยาลัยแมนเชสเตอร์) สร้าง Thai Recall จากชีวิตในไทยระยะยาว — เพื่อนคู่ใจในการสนทนาสำหรับคนที่รู้ไทยอยู่บ้าง,,
meta.download.title,SEO / meta,Low (SEO),Download Thai Recall for Android — pricing & APK,ดาวน์โหลด Thai Recall สำหรับแอนดรอยด์ — ราคาและ APK,,
meta.download.desc,SEO / meta,Low (SEO),Download Thai Recall for Android. Monthly or forever pricing (UK & Thailand). Google Play nearly ready; APK available now for friend testing.,ดาวน์โหลด Thai Recall สำหรับแอนดรอยด์ รายเดือนหรือตลอดชีพ (สหราชอาณาจักรและไทย) Google Play ใกล้พร้อม — มี APK สำหรับทดลองตอนนี้,,
meta.privacy.title,SEO / meta,Low (SEO),Privacy — Thai Recall,ความเป็นส่วนตัว — Thai Recall,,
meta.privacy.desc,SEO / meta,Low (SEO),"How Thai Recall handles phrase lookups, on-device storage, and what we do not sell. Website privacy summary for thairecall.com.",Thai Recall จัดการการค้นหาวลี การจัดเก็บบนเครื่อง และสิ่งที่เราไม่ขายอย่างไร สรุปความเป็นส่วนตัวของเว็บ thairecall.com,,
meta.app-privacy.title,SEO / meta,Low (SEO),ThaiRecall Privacy Policy — Android app,นโยบายความเป็นส่วนตัว ThaiRecall — แอปแอนดรอยด์,,
meta.app-privacy.desc,SEO / meta,Low (SEO),"Privacy Policy for the Thai Recall Android app: local storage, lookups, permissions, Google Play Billing, and third-party services.",นโยบายความเป็นส่วนตัวสำหรับแอปแอนดรอยด์ Thai Recall: จัดเก็บบนเครื่อง การค้นหา สิทธิ์ Google Play Billing และบริการบุคคลที่สาม,,
nav.menu,Navigation,Low (UI short),Menu,เมนู,,
nav.home,Navigation,Low (UI short),Home,หน้าแรก,,
nav.try,Navigation,Low (UI short),Try it out,ลองใช้,,
nav.how,Navigation,Low (UI short),How it works,วิธีใช้,,
nav.pedagogy,Navigation,Low (UI short),Pedagogy,ทฤษฎี,,
nav.about,Navigation,Low (UI short),About,เกี่ยวกับ,,
nav.pricing,Navigation,Low (UI short),Pricing,ราคา,,
nav.download,Navigation,Low (UI short),Download,ดาวน์โหลด,,
nav.aria,Navigation,Low (UI short),Primary,เมนูหลัก,,
lang.aria,Language,Low (UI short),Language,ภาษา,,
home.productTag,Home,Medium,Android now · iOS & Windows planned,แอนดรอยด์พร้อมใช้ · มีแผน iOS และ Windows,,
home.heroLine,Home,High (brand voice),Recall the Thai phrase. Say it. Stay in the conversation.,นึกวลีไทยได้ พูดออกไป อยู่กับบทสนทนาต่อ,,
home.heroSupport,Home,High (brand voice),"Thai Recall is not a full translator. It is a conversation companion for people who already know some Thai — look up the missing phrase, hear it in one earbud, speak it, and keep talking.",Thai Recall ไม่ใช่ตัวแปลทั้งบทสนทนา แต่เป็นเพื่อนคู่ใจสำหรับคนที่รู้ไทยอยู่บ้าง — ค้นหาวลีที่ขาด ฟังในหูฟังข้างเดียว พูดตาม แล้วคุยต่อได้,,
home.ctaApp,Home,Low (UI short),Get the app,ดาวน์โหลดแอป,,
home.ctaWhat,Home,Low (UI short),What you get,ได้อะไรบ้าง,,
home.sellEyebrow,Home,High (brand voice),What is this?,นี่คืออะไร?,,
home.sellH,Home,High (brand voice),An Android app that helps you speak Thai in real life.,แอปแอนดรอยด์ที่ช่วยให้พูดไทยได้ในชีวิตจริง,,
home.sellLead,Home,High (brand voice),"When one word disappears mid-chat — at a café, in a taxi, near a temple — Thai Recall helps you find that phrase, hear native audio, repeat it, and continue. Built for expats, partners, and long-term visitors — not for translating every sentence as a beginner tourist.",เมื่อคำหนึ่งหายไปกลางคุย — ที่คาเฟ่ ในแท็กซี่ ใกล้วัด — Thai Recall ช่วยหาวลีนั้น ฟังเสียงเจ้าของภาษา พูดตาม แล้วคุยต่อได้ ออกแบบสำหรับชาวต่างชาติ คู่รัก และผู้มาเยือนระยะยาว — ไม่ใช่สำหรับนักท่องเที่ยวมือใหม่ที่ต้องแปลทุกประโยค,,
home.sellP,Home,High (brand voice),Search → Listen → Repeat → Continue. Offline access to phrases you’ve saved. Optional live lookup when something isn’t in your library yet. Spaced repetition to lock phrases in.,ค้นหา → ฟัง → พูดตาม → พูดต่อ เข้าถึงวลีที่บันทึกแบบออฟไลน์ ค้นหาสดเมื่อยังไม่มีในคลัง ทบทวนแบบเว้นระยะเพื่อล็อกความจำ,,
home.buyTag,Home,Medium,What’s included,สิ่งที่รวมอยู่,,
home.buy1,Home,Medium,Personal phrase library on your phone,คลังวลีส่วนตัวบนมือถือ,,
home.buy2,Home,Medium,Listen & speak with one earbud,ฟังและพูดด้วยหูฟังข้างเดียว,,
home.buy3,Home,Medium,Curated packs + your own saves,ชุดที่คัดสรร + วลีที่คุณบันทึกเอง,,
home.buy4,Home,Medium,Spaced Repetition practice,ฝึกทบทวนแบบเว้นระยะ,,
home.buyCta,Home,Low (UI short),Go to download,ไปหน้าดาวน์โหลด,,
home.priceLink,Home,Low (UI short),See pricing,ดูราคา,,
home.flowSearch,Home,Low (UI short),Search,ค้นหา,,
home.flowSearchD,Home,Low (UI short),Find the phrase you almost know.,เจอวลีที่คุณเกือบจะนึกออก,,
home.flowListen,Home,Low (UI short),Listen,ฟัง,,
home.flowListenD,Home,Low (UI short),Hear native Thai in one earbud.,ฟังเสียงไทยแท้ในหูฟังข้างเดียว,,
home.flowRepeat,Home,Low (UI short),Repeat,พูดตาม,,
home.flowRepeatD,Home,Low (UI short),Say it yourself — stay present.,พูดเอง — ยังอยู่กับสถานการณ์จริง,,
home.flowContinue,Home,Low (UI short),Continue,พูดต่อ,,
home.flowContinueD,Home,Low (UI short),The conversation never stops.,บทสนทนาไม่สะดุด,,
home.probEyebrow,Home,High (brand voice),The problem,ปัญหา,,
home.probH,Home,High (brand voice),You understand more than you can say in time.,เข้าใจได้มากกว่าที่พูดทัน,,
home.probLead,Home,High (brand voice),Most learners eventually understand far more Thai than they can actively recall. One missing phrase arrives at exactly the wrong moment — and the moment moves on.,ผู้เรียนหลายคนเข้าใจภาษาไทยได้มาก แต่เรียกใช้คำพูดจริงไม่ทัน วลีที่ขาดไปโผล่ตอนสำคัญที่สุด — แล้วจังหวะก็ผ่านไป,,
home.probP,Home,High (brand voice),"Thai Recall helps you continue speaking. Look up what you need, hear it once, repeat it, and stay with the person in front of you.",Thai Recall ช่วยให้คุณพูดต่อได้ ค้นหาสิ่งที่ต้องการ ฟังครั้งเดียว พูดตาม แล้วอยู่กับคนตรงหน้า,,
home.usedEyebrow,Home,High (brand voice),Used language,ภาษาที่ใช้จริง,,
home.usedH,Home,High (brand voice),This is not learned language. This is used language.,นี่ไม่ใช่ภาษาในห้องเรียน นี่คือภาษาที่ใช้จริง,,
home.usedLead,Home,High (brand voice),"One earbud keeps you in the room. High-fidelity Thai plays while your other ear stays open to the café, the market, the person speaking.",หูฟังข้างเดียวให้คุณยังอยู่ในห้อง เสียงไทยชัดดังขึ้น ในขณะที่อีกข้างเปิดรับคาเฟ่ ตลาด และคนที่กำลังพูด,,
home.usedP,Home,High (brand voice),"Built for expats, partners, retirees, and long-term visitors who already have vocabulary — and need speed when life is loud.",ออกแบบสำหรับชาวต่างชาติ คู่รัก ผู้เกษียณ และผู้มาเยือนระยะยาวที่มีคลังคำแล้ว — แต่ต้องการความเร็วเมื่อชีวิตดังและเร็ว,,
home.appEyebrow,Home,Medium,Inside the app,ในแอป,,
home.appH,Home,Medium,Real screens from Thai Recall,หน้าจอจริงจาก Thai Recall,,
home.appLead,Home,Medium,"Lookup, save, spaced repetition — captured from the Android build you’ll download.",ค้นหา บันทึก ทบทวนแบบเว้นระยะ — จากตัวแอปแอนดรอยด์ที่คุณจะดาวน์โหลด,,
home.cap1,Home,Medium,Live lookup → Thai + pronunciation,ค้นหาสด → ไทย + วิธีอ่าน,,
home.cap2,Home,Medium,Spaced Repetition memory challenges,ทดสอบความจำแบบทบทวนเว้นระยะ,,
home.cap3,Home,Medium,Saved library & favourites,คลังที่บันทึกและรายการโปรด,,
home.clipH,Home,Medium,Lookup → Immigration phrase,ค้นหา → วลีหมวด Immigration,,
home.clipP,Home,Medium,Watch a live search land in the Immigration pack — then ready to speak.,ดูการค้นหาสดที่ลงในชุด Immigration — พร้อมกดพูด,,
home.tryEyebrow,Home,Medium,Live engine,เครื่องยนต์สด,,
home.tryH,Home,Medium,Try it out,ลองใช้,,
home.tryLead,Home,Medium,Type English to get Thai + RTGS (hear Thai). Type Thai to get the English translation (hear English).,พิมพ์อังกฤษเพื่อได้ไทย + RTGS (ฟังไทย) พิมพ์ไทยเพื่อได้คำแปลอังกฤษ (ฟังอังกฤษ),,
home.tryLabel,Home,Low (UI short),English or Thai,อังกฤษหรือไทย,,
home.tryPlaceholder,Home,Medium,e.g. train station or สถานีรถไฟ,เช่น train station หรือ สถานีรถไฟ,,
home.tryBtn,Home,Low (UI short),Look up now,ค้นหาเลย,,
home.tryClear,Home,Low (UI short),Clear,ล้าง,,
home.tryThaiLabel,Home,Medium,Thai,ภาษาไทย,,
home.tryEnglishLabel,Home,Medium,English,ภาษาอังกฤษ,,
home.tryResultLabel,Home,Medium,Precision RTGS — editable,RTGS แม่นยำ — แก้ไขได้,,
home.tryEditHint,Home,Medium,Edit to match how you hear and say it,แก้ให้ตรงกับที่คุณได้ยินและพูด,,
home.tryEditNote,Home,Medium,Same as in the app: save the spelling that helps you speak under pressure.,เหมือนในแอป: บันทึกการสะกดที่ช่วยให้คุณพูดได้ตอนสถานการณ์จริง,,
home.trySpeak,Home,Low (UI short),Hear it,ฟัง,,
home.tryCustomH,Home,High (brand voice),Make the sound yours,ทำให้เสียงเป็นของคุณ,,
home.tryCustomP1,Home,High (brand voice),"Moving from Thai script into Latin letters is never a perfect one-to-one map. Official RTGS gives a precise, shareable start — but your ear may prefer sa-tha-nee over sathani, or a space that marks a breath you actually take when speaking.",การย้ายจากตัวอักษรไทยไปยังตัวโรมันไม่ใช่การจับคู่หนึ่งต่อหนึ่ง RTGS อย่างเป็นทางการให้จุดเริ่มที่แม่นยำและใช้ร่วมกันได้ — แต่หูคุณอาจชอบ sa-tha-nee มากกว่า sathani หรือช่องว่างที่บอกจังหวะหายใจตอนพูดจริง,,
home.tryCustomP2,Home,High (brand voice),"In Thai Recall you can edit the transliteration before you save a phrase. That small customisation is pedagogical: the cue you rehearse is the cue you will retrieve when the conversation is already moving. Ownership of the sound form speeds noticing, memory, and real-time production.",ใน Thai Recall คุณแก้การถอดเสียงก่อนบันทึกวลีได้ การปรับเล็กน้อยนี้เป็นการเรียนรู้: สัญญาณที่คุณซ้อม คือสัญญาณที่คุณจะเรียกคืนเมื่อบทสนทนาเดินไปแล้ว การเป็นเจ้าของรูปเสียงช่วยให้สังเกต จำ และพูดทันได้เร็วขึ้น,,
home.tryCustomP3,Home,High (brand voice),"Use the engine’s RTGS directly, or reshape it to your style — both are valid paths to speaking Thai faster.",ใช้ RTGS จากเครื่องยนต์ตรง ๆ หรือปรับตามสไตล์คุณ — ทั้งสองทางช่วยให้พูดไทยได้เร็วขึ้น,,
home.tryProcessing,Home,Medium,Processing…,กำลังประมวลผล…,,
home.tryError,Home,Medium,Could not reach the engine. Try again.,เชื่อมต่อเครื่องยนต์ไม่ได้ ลองอีกครั้ง,,
home.tryInvalid,Home,Medium,Please enter a real English phrase or Thai text — not random letters or keyboard mash.,กรุณาใส่วลีอังกฤษหรือข้อความไทยจริง — ไม่ใช่ตัวอักษรสุ่มหรือกดแป้นมั่ว,,
home.creatorEyebrow,Home,High (brand voice),Creator,ผู้สร้าง,,
home.quote,Home,High (brand voice),“I built the tool I wished I had when face-to-face Thai moved faster than my grammar.”,“ผมสร้างเครื่องมือที่เคยอยากได้ เมื่อการพูดไทยต่อหน้าเร็วเกินไวยากรณ์ในหัว”,,
home.creatorP1,Home,High (brand voice),"Graham’s path into Thai didn’t start in a software lab — it started on the ground, living inside the culture. Like many long-term residents, he hit the wall: strong vocabulary, slow real-time production.",เส้นทางภาษาไทยของ Graham ไม่ได้เริ่มในแล็บซอฟต์แวร์ — เริ่มบนพื้นจริง ในวัฒนธรรม เหมือนผู้อยู่อาศัยระยะยาวหลายคน เขาชนกำแพง: คำศัพท์แน่น แต่ผลิตประโยคไม่ทัน,,
home.creatorP2,Home,High (brand voice),"Drawing on postgraduate work in Educational Technology and ELT at The University of Manchester (MEd, 2003), he designed Thai Recall around situational phrases, learner autonomy, and the phonological loop — including the single-earbud technique that keeps one ear in the live conversation.","จากการศึกษาปริญญาโทด้านเทคโนโลยีการศึกษาและ ELT ที่มหาวิทยาลัยแมนเชสเตอร์ (MEd, 2003) เขาออกแบบ Thai Recall รอบวลีตามสถานการณ์ อิสระของผู้เรียน และ phonological loop — รวมเทคนิคหูฟังข้างเดียวที่ให้อีกข้างอยู่ในบทสนทนาจริง",,
home.fullStory,Home,Medium,Full story,อ่านเรื่องราวเต็ม,,
home.footerBio,Home,Medium,Designed by an MEd Educational Technology & ELT alumnus (University of Manchester). Curated for authentic local Thai delivery.,ออกแบบโดยศิษย์เก่า MEd เทคโนโลยีการศึกษา & ELT (มหาวิทยาลัยแมนเชสเตอร์) คัดสรรเพื่อการพูดไทยที่สมจริง,,
home.footerLinks,Home,Medium,© 2026 Thai Recall ·,© 2026 Thai Recall ·,,
footer.privacy,Footer,Low (UI short),Privacy,ความเป็นส่วนตัว,,
footer.download,Footer,Low (UI short),Download,ดาวน์โหลด,,
how.eyebrow,How it works,High (brand voice),The science of speed,วิทยาศาสตร์ของความเร็ว,,
how.h1,How it works,High (brand voice),From missing word to spoken phrase,จากคำที่นึกไม่ออก สู่ประโยคที่พูดได้,,
how.lead,How it works,High (brand voice),How Thai Recall bridges the gap between hearing what you need and saying it while the conversation is still alive.,Thai Recall เชื่อมช่องว่างระหว่างการได้ยินสิ่งที่ต้องการ กับการพูดออกไป ในขณะที่บทสนทนายังดำเนินอยู่,,
how.s1h,How it works,High (brand voice),Open your situational toolkit,เปิดคลังตามสถานการณ์,,
how.s1p,How it works,High (brand voice),"Search English for the phrase you almost know, or browse curated packs — markets, medical, travel, idioms. Built on the lexical approach: ready-made chunks beat building sentences word by word under pressure.",ค้นหาภาษาอังกฤษเพื่อวลีที่เกือบจะนึกออก หรือเลือกชุดที่คัดไว้ — ตลาด การแพทย์ การเดินทาง สำนวน แนว lexical approach: ชิ้นวลีสำเร็จรูปเร็วกว่าประกอบประโยคทีละคำตอนกดดัน,,
how.s2h,How it works,High (brand voice),Patch gaps in real time,อุดช่องว่างแบบเรียลไทม์,,
how.s2p,How it works,High (brand voice),"If it isn’t in your library yet, look it up. Thai Recall fetches translation and pronunciation, then lets you save it to your personal list — learner autonomy, not a fixed syllabus.",ถ้ายังไม่มีในคลัง ให้ค้นหา Thai Recall ดึงคำแปลและวิธีอ่าน แล้วให้คุณบันทึกลงรายการส่วนตัว — อิสระของผู้เรียน ไม่ใช่หลักสูตรตายตัว,,
how.s3h,How it works,High (brand voice),Single-earbud acoustic anchor,จุดยึดเสียงด้วยหูฟังข้างเดียว,,
how.s3p,How it works,High (brand voice),"Listen in one ear. Keep the other open to the room. You copy tone and rhythm while staying socially present — phonological loop plus output practice, without isolating yourself from the person you’re talking to.",ฟังข้างเดียว อีกข้างเปิดรับห้อง คุณเลียนโทนและจังหวะโดยยังอยู่ในสังคม — phonological loop บวกการฝึกพูด โดยไม่ตัดตัวเองจากคนตรงหน้า,,
how.s4h,How it works,High (brand voice),Lock it with recall practice,ล็อกด้วยการฝึกทบทวน,,
how.s4p,How it works,High (brand voice),Favourites and spaced repetition bring phrases back when memory needs work. Retrieval practice moves language from “I know it somewhere” to “I can say it now.”,รายการโปรดและการทบทวนแบบเว้นระยะดึงวลีกลับมาเมื่อความจำต้องการงาน การเรียกคืนช่วยย้ายภาษาจาก “รู้ซักที่” เป็น “พูดได้ตอนนี้”,,
how.cap1,How it works,High (brand voice),Lookup · ready to Speak,ค้นหา · พร้อมกดพูด,,
how.cap2,How it works,High (brand voice),Reconstruct a memory challenge,ประกอบประโยคในแบบทดสอบความจำ,,
how.cta,How it works,High (brand voice),Download Thai Recall,ดาวน์โหลด Thai Recall,,
how.footer,How it works,High (brand voice),© 2026 ·,© 2026 ·,,
how.home,How it works,High (brand voice),Home,หน้าแรก,,
ped.eyebrow,Pedagogy,High (brand voice),Theory that survives the street,ทฤษฎีที่รอดบนถนนจริง,,
ped.h1,Pedagogy,High (brand voice),Myth versus how memory actually works,ความเชื่อผิด ๆ กับวิธีที่ความจำทำงานจริง,,
ped.lead,Pedagogy,High (brand voice),"Thai and English sit far apart on the linguistic tree. The brain that speaks them does not. Thai Recall optimises sound, situation, and retrieval — not English grammar mapped onto Thai words.",ไทยกับอังกฤษอยู่คนละกิ่งของต้นไม้ภาษา แต่สมองที่พูดทั้งสองไม่ต่าง Thai Recall ปรับเสียง สถานการณ์ และการเรียกคืน — ไม่ใช่ยัดไวยากรณ์อังกฤษลงบนคำไทย,,
ped.q1,Pedagogy,High (brand voice),Can Western ELT ideas apply to a tonal language?,แนว ELT ตะวันตกใช้กับภาษาวรรณยุกต์ได้หรือ?,,
ped.q1a,Pedagogy,High (brand voice),Myth: Thai is too different; Western methods won’t transfer.,ความเชื่อ: ไทยต่างเกินไป วิธีตะวันตกใช้ไม่ได้,,
ped.q1b,Pedagogy,High (brand voice),"Practice: Grammar systems differ; human working memory does not. Thai Recall leans on universal processes — phonological loop, noticing, chunked phrases — instead of forcing English sentence trees onto Thai.",การปฏิบัติ: ระบบไวยากรณ์ต่าง แต่ความจำทำงานของมนุษย์ไม่ต่าง Thai Recall ใช้กระบวนการสากล — phonological loop การสังเกต ชิ้นวลี — ไม่บังคับต้นไม้ประโยคอังกฤษลงบนไทย,,
ped.q2,Pedagogy,High (brand voice),Why a single earbud for tones?,ทำไมหูฟังข้างเดียวถึงช่วยโทน?,,
ped.q2a,Pedagogy,High (brand voice),Myth: Western speakers will always impose English pitch habits.,ความเชื่อ: คนตะวันตกจะยัดโทนอังกฤษเสมอ,,
ped.q2b,Pedagogy,High (brand voice),Practice: Reading karaoke script first often triggers those habits. Streaming native audio into one ear supports imitation while the other ear stays in the live interaction — you copy tone without leaving the room.,การปฏิบัติ: อ่านสคริปต์คาราโอเกะก่อนมักกระตุ้นนิสัยนั้น การสตรีมเสียงเจ้าของภาษาเข้าหูข้างเดียวช่วยเลียนแบบ ขณะอีกข้างอยู่ในปฏิสัมพันธ์จริง — คัดลอกโทนโดยไม่ออกจากห้อง,,
ped.q3,Pedagogy,High (brand voice),Phrases over isolated words?,วลีสำคัญกว่าคำแยก?,,
ped.q3a,Pedagogy,High (brand voice),Myth: You must master word lists and abstract rules first.,ความเชื่อ: ต้องจำรายการคำและกฎนามธรรมก่อน,,
ped.q3b,Pedagogy,High (brand voice),"Practice: Thai thrives on formulaic sequences. Situational stock phrases — “How much is this?”, market talk, temple plans after coffee — accelerate usable fluency more than vocabulary lists alone.",การปฏิบัติ: ไทยเก่งเรื่องลำดับสูตรสำเร็จ วลีตามสถานการณ์ — “ราคาเท่าไหร่” พูดในตลาด แผนไปวัดหลังกาแฟ — เร่งความคล่องที่ใช้ได้จริงกว่าบัญชีคำศัพท์อย่างเดียว,,
ped.q4,Pedagogy,High (brand voice),Is machine translation enough?,แปลด้วยเครื่องพอหรือยัง?,,
ped.q4a,Pedagogy,High (brand voice),Myth: Automation always sounds stiff or culturally off.,ความเชื่อ: อัตโนมัติฟังแข็งหรือผิดวัฒนธรรมเสมอ,,
ped.q4b,Pedagogy,High (brand voice),Practice: Live lookup is a patch for urgent utility. Core packs are curated for everyday authenticity — including review with decades of shared Thai family life — so what you practise is what locals say.,การปฏิบัติ: การค้นหาสดเป็นแผ่นปะสำหรับความจำเป็นด่วน ชุดหลักคัดเพื่อความจริงในชีวิตประจำวัน — รวมการทบทวนจากชีวิตครอบครัวไทยร่วมกันยาวนาน — ให้สิ่งที่ฝึกคือสิ่งที่คนท้องถิ่นพูด,,
ped.srEyebrow,Pedagogy,High (brand voice),Memory that returns on time,ความจำที่กลับมาทันเวลา,,
ped.srH,Pedagogy,High (brand voice),Spaced Repetition,การทบทวนแบบเว้นระยะ,,
ped.srLead,Pedagogy,High (brand voice),Understanding a phrase once is not the same as saying it when the tuk-tuk is already moving. Spaced Repetition is how Thai Recall turns a lucky lookup into a phrase you can produce under pressure.,เข้าใจวลีครั้งเดียว ไม่เหมือนพูดได้ตอนรถตุ๊กตุ๊กกำลังเคลื่อนแล้ว การทบทวนแบบเว้นระยะคือวิธีที่ Thai Recall เปลี่ยนการค้นหาครั้งหนึ่งให้เป็นวลีที่ผลิตได้ตอนกดดัน,,
ped.srP1,Pedagogy,High (brand voice),"After you save something you needed in real life, the app brings it back in short memory challenges — not every day in a pile, but at widening intervals. That spacing is the point: a little forgetting makes retrieval harder, and harder retrieval makes the memory stick.",เมื่อคุณบันทึกสิ่งที่ต้องการในชีวิตจริง แอปจะนำกลับมาในแบบทดสอบความจำสั้น ๆ — ไม่ใช่ทุกวันเป็นกอง แต่เป็นช่วงห่างที่กว้างขึ้นเรื่อย ๆ จุดสำคัญคือการเว้นระยะ: ลืมเล็กน้อยทำให้เรียกคืนยากขึ้น และการเรียกคืนที่ยากทำให้ความจำแน่นขึ้น,,
ped.srP2,Pedagogy,High (brand voice),"This is desirable difficulty in practice. You are not cramming a syllabus; you are rehearsing the exact stock phrases your conversations already asked for. When a challenge appears, you try to recall, listen if you need the earbud cue, speak, and continue building the habit of output — not recognition alone.",นี่คือ desirable difficulty ในทางปฏิบัติ คุณไม่ได้คร่ำหลักสูตร แต่ซ้อมวลีสำเร็จรูปที่บทสนทนาของคุณถามหาอยู่แล้ว เมื่อมีแบบทดสอบ คุณพยายามนึก ฟังหากต้องการสัญญาณจากหูฟัง พูดออกไป แล้วสร้างนิสัยของการผลิต — ไม่ใช่แค่การจำได้ตอนเห็น,,
ped.srP3,Pedagogy,High (brand voice),"Favourites and Spaced Repetition work together: pin what matters most, then let the schedule return it until “I knew that somewhere” becomes “I can say it now.”",รายการโปรดกับการทบทวนแบบเว้นระยะทำงานคู่กัน: ปักหมุดสิ่งสำคัญ แล้วให้ตารางเวลานำกลับมาจน “เคยรู้ที่ไหนสักแห่ง” กลายเป็น “พูดได้ตอนนี้”,,
ped.bespokeEyebrow,Pedagogy,High (brand voice),When the machine is not enough,เมื่อเครื่องแปลยังไม่พอ,,
ped.bespokeH,Pedagogy,High (brand voice),Build your own Bespoke library,สร้างคลัง Bespoke ของคุณเอง,,
ped.bespokeLead,Pedagogy,High (brand voice),"If a Google Translate lookup feels off — wrong tone, wrong register, not how your friend would say it — you are not stuck with the machine. Thai Recall lets you write the phrase the way real speakers write it.",ถ้าผลการค้นจาก Google Translate รู้สึกไม่ใช่ — โทนผิด ระดับภาษาผิด หรือไม่ใช่แบบที่เพื่อนคุณพูด — คุณไม่ติดอยู่กับเครื่อง Thai Recall ให้คุณเขียนวลีแบบที่คนพูดจริงเขียน,,
ped.bespokeP1,Pedagogy,High (brand voice),"On the Practice screen, tap the clear X to empty the fields. Ask a Thai friend to type the Thai you actually need. Save the entry into your Bespoke library — your personal collection, shaped by your conversations, not only by an automatic draft.",บนหน้า Practice แตะ X เพื่อล้างข้อความ ขอให้เพื่อนคนไทยพิมพ์ภาษาไทยที่คุณต้องการจริง ๆ แล้วบันทึกลงคลัง Bespoke — คอลเลกชันส่วนตัวจากบทสนทนาของคุณ ไม่ใช่แค่ฉบับร่างจากระบบอัตโนมัติ,,
ped.bespokeP2,Pedagogy,High (brand voice),"Star it as a Favourite, then let Spaced Repetition bring it back until it sticks. You keep full editorial control: edit the romanisation, keep what sounds right to your ear, and rehearse the wording you will say in the street.",ติดดาวเป็นรายการโปรด แล้วให้การทบทวนแบบเว้นระยะนำกลับมาจนติด คุณมีอำนาจบรรณาธิการเต็มที่: แก้การถอดเสียง เก็บสิ่งที่หูคุณรู้สึกถูก และซ้อมถ้อยคำที่จะพูดบนถนน,,
ped.bespokeP3,Pedagogy,High (brand voice),Lookup is a starting point. Your Bespoke library is the syllabus you author yourself.,การค้นหาคือจุดเริ่ม คลัง Bespoke คือหลักสูตรที่คุณเขียนเอง,,
ped.faq,Pedagogy,High (brand voice),FAQ,คำถามที่พบบ่อย,,
ped.f1,Pedagogy,High (brand voice),Who is Thai Recall for?,Thai Recall เหมาะกับใคร?,,
ped.f1p,Pedagogy,High (brand voice),"Expats, partners, retirees, digital nomads, and frequent visitors who already understand quite a bit — and need help staying in conversation when one phrase disappears.",ชาวต่างชาติ คู่รัก ผู้เกษียณ โนแมด และผู้มาบ่อยที่เข้าใจอยู่พอสมควร — และต้องการความช่วยเหลือเมื่อวลีหนึ่งหายไปตอนพูด,,
ped.f2,Pedagogy,High (brand voice),What if a phrase isn’t in the app?,ถ้าแอปยังไม่มีวลีที่ต้องการ?,,
ped.f2p,Pedagogy,High (brand voice),"Clear the Practice fields with the X, ask a Thai friend to type the wording you need, save it to your Bespoke library, favourite it, and use Spaced Repetition to lock it in — or look it up live when you only need a fast patch.",ล้างช่องบนหน้า Practice ด้วย X ขอให้เพื่อนคนไทยพิมพ์ถ้อยคำที่ต้องการ บันทึกลงคลัง Bespoke ติดดาว แล้วใช้การทบทวนแบบเว้นระยะให้ติด — หรือค้นหาสดเมื่อต้องการแผ่นปะเร็ว ๆ,,
ped.f3,Pedagogy,High (brand voice),Is this a subscription?,เป็นระบบสมัครสมาชิกหรือไม่?,,
ped.f3p,Pedagogy,High (brand voice),"Yes — monthly (£4.99 / ฿200), or pay once forever (£30 / ฿1,200). Google Play, iOS, and Windows releases are planned.","ใช่ — รายเดือน (฿200 / £4.99) หรือจ่ายครั้งเดียวตลอดชีพ (฿1,200 / £30) มีแผนสำหรับ Google Play, iOS และ Windows",,
about.eyebrow,About,High (brand voice),About the creator,เกี่ยวกับผู้สร้าง,,
about.lead,About,High (brand voice),"Educator, long-term Thailand resident, and designer of Thai Recall — a conversation companion rooted in lived practice and ELT research.",นักการศึกษา ผู้พักอาศัยในไทยระยะยาว และผู้ออกแบบ Thai Recall — เพื่อนคู่ใจในการสนทนาจากประสบการณ์จริงและงานวิจัย ELT,,
about.quote,About,High (brand voice),“True communication happens at the speed of life — not at the speed of a conjugation drill.”,“การสื่อสารจริงเกิดขึ้นด้วยความเร็วของชีวิต — ไม่ใช่ความเร็วของการฝึกผันคำ”,,
about.p1,About,High (brand voice),"Graham’s journey with Thai didn’t begin in a software lab. It began on the ground: living, listening, and discovering that vocabulary alone does not equal real-time speech. In markets, taxis, and cafés near temples, conversations move on while the mind is still assembling grammar.",เส้นทางภาษาไทยของ Graham ไม่ได้เริ่มในแล็บซอฟต์แวร์ เริ่มบนพื้นจริง: ใช้ชีวิต ฟัง และพบว่าคำศัพท์อย่างเดียวไม่เท่าการพูดทัน ในตลาด แท็กซี่ และคาเฟ่ใกล้วัด บทสนทนาเดินต่อในขณะที่สมองยังประกอบไวยากรณ์,,
about.p2,About,High (brand voice),"That gap — knowing what you want to say, but not retrieving it fast enough — became the design brief for Thai Recall.",ช่องว่างนั้น — รู้ว่าอยากพูดอะไร แต่เรียกคืนไม่ทัน — กลายเป็นโจทย์ออกแบบของ Thai Recall,,
about.bg,About,High (brand voice),Background,พื้นหลัง,,
about.bg1,About,High (brand voice),"Graham holds a Master of Education in Educational Technology and ELT from The University of Manchester (2003). That postgraduate foundation shapes the app’s emphasis on communicative competence, situational teaching, desirable difficulties, and spaced retrieval — theory that is meant to survive the noise of everyday Thailand.",Graham จบปริญญาโทด้านเทคโนโลยีการศึกษาและ ELT จากมหาวิทยาลัยแมนเชสเตอร์ (2003) พื้นฐานนี้หล่อหลอมจุดเน้นของแอปเรื่องสมรรถนะการสื่อสาร การสอนตามสถานการณ์ ความยากที่เอื้อต่อการเรียนรู้ และการเรียกคืนแบบเว้นระยะ — ทฤษฎีที่ต้องรอดในเสียงดังของไทยทุกวัน,,
about.bg2,About,High (brand voice),"Phrase packs are curated with care for cultural authenticity, drawing on 40 years of shared Thai heritage at home, so learners practise language people actually use — not stiff textbook Thai alone.",ชุดวลีคัดด้วยความใส่ใจต่อความถูกต้องทางวัฒนธรรม จากมรดกไทยร่วมกันกว่า 40 ปีในบ้าน ให้ผู้เรียนฝึกภาษาที่คนใช้จริง — ไม่ใช่แค่ไทยในตำราแข็ง ๆ,,
about.built,About,High (brand voice),What he built,สิ่งที่เขาสร้าง,,
about.builtP,About,High (brand voice),"Thai Recall treats language as situational stock phrases you can look up, hear through a single earbud, speak immediately, save, and recall later. The guiding question for every feature:",Thai Recall มองภาษาเป็นวลีสำเร็จรูปตามสถานการณ์ ที่ค้นหาได้ ฟังผ่านหูฟังข้างเดียว พูดทันที บันทึก และทบทวนภายหลัง คำถามนำทุกฟีเจอร์คือ:,,
about.guide,About,High (brand voice),Does this help the user stay in the conversation?,สิ่งนี้ช่วยให้ผู้ใช้อยู่ในบทสนทนาต่อหรือไม่?,,
about.ctaApp,About,High (brand voice),Download the app,ดาวน์โหลดแอป,,
about.ctaContact,About,High (brand voice),Contact,ติดต่อ,,
about.support,About,High (brand voice),Support:,ฝ่ายสนับสนุน:,,
dl.eyebrow,Download / Pricing,Low (UI short),Android download,ดาวน์โหลดแอนดรอยด์,,
dl.h1,Download / Pricing,Low (UI short),Get Thai Recall,ดาวน์โหลด Thai Recall,,
dl.lead,Download / Pricing,Medium,Download Thai Recall for Android. Google Play is nearly ready — APK available in the meantime.,ดาวน์โหลด Thai Recall สำหรับแอนดรอยด์ Google Play ใกล้พร้อมแล้ว — ระหว่างนี้มี APK,,
dl.h2,Download / Pricing,Low (UI short),Thai Recall for Android,Thai Recall สำหรับแอนดรอยด์,,
dl.meta,Download / Pricing,Low (UI short),Android 8.0+ · Designed for single Bluetooth earbud use,Android 8.0+ · ออกแบบให้ใช้กับหูฟังบลูทูธข้างเดียว,,
dl.priceH,Download / Pricing,Low (UI short),Pricing,ราคา,,
dl.priceLead,Download / Pricing,Low (UI short),"Monthly subscription, or pay once forever. Billing through Google Play when the listing goes live.",สมัครรายเดือน หรือจ่ายครั้งเดียวตลอดชีพ เรียกเก็บผ่าน Google Play เมื่อหน้าร้านเปิด,,
dl.priceUkH,Download / Pricing,Low (UI short),United Kingdom,สหราชอาณาจักร,,
dl.priceUkMo,Download / Pricing,Low (UI short),£4.99 / month,£4.99 / เดือน,,
dl.priceUkLife,Download / Pricing,Low (UI short),"or £30 once, forever",หรือ £30 จ่ายครั้งเดียว ตลอดชีพ,,
dl.priceThH,Download / Pricing,Low (UI short),Thailand,ประเทศไทย,,
dl.priceThMo,Download / Pricing,Low (UI short),฿200 / month,฿200 / เดือน,,
dl.priceThLife,Download / Pricing,Low (UI short),"or ฿1,200 once, forever","หรือ ฿1,200 จ่ายครั้งเดียว ตลอดชีพ",,
dl.priceNote,Download / Pricing,Low (UI short),Prices shown in local currency for each store region. iOS and Windows releases planned.,ราคาแสดงตามสกุลเงินของแต่ละภูมิภาคร้าน มีแผนสำหรับ iOS และ Windows,,
dl.buy,Download / Pricing,Low (UI short),Google Play (almost ready),Google Play (ใกล้พร้อมแล้ว),,
dl.soon,Download / Pricing,Low (UI short),Google Play is getting very close. Prefer the store when it goes live for easier updates and billing.,Google Play ใกล้พร้อมมาก เมื่อเปิดแล้วแนะนำใช้หน้าร้านเพื่ออัปเดตและชำระเงินง่ายกว่า,,
dl.apk,Download / Pricing,Low (UI short),Download APK,ดาวน์โหลด APK,,
dl.apkSoon,Download / Pricing,Low (UI short),Direct APK is paused. Better to wait for Google Play.,APK โดยตรงถูกพักไว้ แนะนำรอ Google Play,,
dl.gateLabel,Download / Pricing,Low (UI short),Friend access password,รหัสผ่านสำหรับเพื่อน,,
dl.gatePlaceholder,Download / Pricing,Low (UI short),Enter password,ใส่รหัสผ่าน,,
dl.gateBtn,Download / Pricing,Low (UI short),Unlock,ปลดล็อก,,
dl.gateError,Download / Pricing,Low (UI short),Incorrect password. Try again.,รหัสผ่านไม่ถูกต้อง ลองอีกครั้ง,,
dl.gateHint,Download / Pricing,Low (UI short),Private friend builds — Android only. Ask Graham for the password.,บิลด์สำหรับเพื่อน — แอนดรอยด์เท่านั้น ขอรหัสผ่านจาก Graham,,
dl.maintBadge,Download / Pricing,Low (UI short),Soon,เร็ว ๆ นี้,,
dl.maintH,Download / Pricing,Low (UI short),APK download paused,พักดาวน์โหลด APK ชั่วคราว,,
dl.maintP,Download / Pricing,Low (UI short),Direct APK is offline for a short maintenance window. Google Play is nearly ready — worth waiting for the store listing for easier install and updates.,APK โดยตรงปิดชั่วคราวเพื่อบำรุงรักษา Google Play ใกล้พร้อมแล้ว — คุ้มค่ารอหน้าร้านเพื่อติดตั้งและอัปเดตง่ายกว่า,,
dl.androidOnly,Download / Pricing,Medium,APK download is only available on Android phones. Open this page in Chrome on your Android device.,ดาวน์โหลด APK ได้บนโทรศัพท์แอนดรอยด์เท่านั้น เปิดหน้านี้ใน Chrome บนอุปกรณ์แอนดรอยด์ของคุณ,,
dl.apkVer,Download / Pricing,Low (UI short),APK version,เวอร์ชัน APK,,
dl.platformsH,Download / Pricing,Medium,Platforms,แพลตฟอร์ม,,
dl.platforms1,Download / Pricing,Medium,Android — APK now; Google Play nearly ready.,แอนดรอยด์ — มี APK แล้ว; Google Play ใกล้พร้อม,,
dl.platforms2,Download / Pricing,Medium,iOS — future release planned.,iOS — มีแผนเผยแพร่ในอนาคต,,
dl.platforms3,Download / Pricing,Medium,Windows — future release planned.,Windows — มีแผนเผยแพร่ในอนาคต,,
dl.installH,Download / Pricing,Medium,Installing the APK,การติดตั้ง APK,,
dl.install1,Download / Pricing,Medium,Download ThaiRecall.apk on your Android phone (Chrome works well).,ดาวน์โหลด ThaiRecall.apk บนโทรศัพท์แอนดรอยด์ (Chrome ใช้ได้ดี),,
dl.install2,Download / Pricing,Medium,"Open the file. If Android asks, allow installs from this browser / unknown apps for this one install.",เปิดไฟล์ หากแอนดรอยด์ถาม ให้อนุญาตติดตั้งจากเบราว์เซอร์นี้ / แอปที่ไม่รู้จักสำหรับการติดตั้งครั้งนี้,,
dl.install3,Download / Pricing,Medium,"When Google Play is live, that will be the simplest way to install, update, and pay.",เมื่อมี Google Play แล้ว จะเป็นวิธีติดตั้ง อัปเดต และชำระเงินที่ง่ายที่สุด,,
dl.getH,Download / Pricing,Medium,What you get,สิ่งที่คุณได้,,
dl.get1,Download / Pricing,Medium,Personal phrase library with offline access to saved items,คลังวลีส่วนตัว เข้าถึงออฟไลน์ได้สำหรับรายการที่บันทึก,,
dl.get2,Download / Pricing,Medium,"English search, Thai playback, pronunciation, favourites",ค้นหาภาษาอังกฤษ เล่นเสียงไทย วิธีอ่าน รายการโปรด,,
dl.get3,Download / Pricing,Medium,Spaced Repetition memory challenges,ทดสอบความจำแบบทบทวนเว้นระยะ,,
dl.get4,Download / Pricing,Medium,Curated starter packs plus room to grow your own list,ชุดเริ่มต้นที่คัดสรร พร้อมพื้นที่ให้คลังของคุณเติบโต,,
dl.get5,Download / Pricing,Medium,Optional live lookups when a phrase isn’t local yet,ค้นหาสดเมื่อยังไม่มีวลีในเครื่อง,,
dl.privH,Download / Pricing,Medium,Privacy & data,ความเป็นส่วนตัวและข้อมูล,,
dl.priv1,Download / Pricing,Medium,Custom lookups: phrases not found locally may be sent to Google Cloud Translation to return text and support playback.,การค้นหาแบบกำหนดเอง: วลีที่ยังไม่มีในเครื่องอาจถูกส่งไป Google Cloud Translation เพื่อได้ข้อความและรองรับการเล่นเสียง,,
dl.priv2,Download / Pricing,Medium,Storage: your saved phrases and favourites live on your device for fast recall in the field.,การจัดเก็บ: วลีและรายการโปรดอยู่บนอุปกรณ์ของคุณ เพื่อเรียกใช้เร็วในสนาม,,
dl.priv3,Download / Pricing,Medium,Privacy: Thai Recall does not sell your search history or custom phrase data to advertisers. See the,ความเป็นส่วนตัว: Thai Recall ไม่ขายประวัติการค้นหาหรือคลังวลีของคุณให้โฆษณา ดู,,
dl.privLink,Download / Pricing,Medium,privacy page,หน้าความเป็นส่วนตัว,,
dl.footer,Download / Pricing,Medium,© 2026 · Created by Graham Osborn,© 2026 · สร้างโดย Graham Osborn,,
priv.eyebrow,Privacy (site),Medium (legal tone),Legal,กฎหมาย,,
priv.h1,Privacy (site),Medium (legal tone),Privacy,ความเป็นส่วนตัว,,
priv.lead,Privacy (site),Medium (legal tone),How Thai Recall handles lookups and the phrases you save.,Thai Recall จัดการการค้นหาและวลีที่คุณบันทึกอย่างไร,,
priv.lookH,Privacy (site),Medium (legal tone),Lookups,การค้นหา,,
priv.lookP,Privacy (site),Medium (legal tone),"When you search for a phrase that is not already in your local library, the app may send that query to Google Cloud Translation to obtain a translation used for display and speech playback.",เมื่อคุณค้นหาวลีที่ยังไม่มีในคลังท้องถิ่น แอปอาจส่งคำค้นไปยัง Google Cloud Translation เพื่อได้คำแปลสำหรับแสดงผลและเล่นเสียง,,
priv.storeH,Privacy (site),Medium (legal tone),On-device storage,จัดเก็บบนอุปกรณ์,,
priv.storeP,Privacy (site),Medium (legal tone),"Saved phrases, favourites, and spaced-repetition state are stored on your device so you can recall them quickly offline.",วลีที่บันทึก รายการโปรด และสถานะทบทวนแบบเว้นระยะถูกเก็บบนอุปกรณ์ เพื่อให้เรียกคืนเร็วแบบออฟไลน์,,
priv.dontH,Privacy (site),Medium (legal tone),What we don’t do,สิ่งที่เราไม่ทำ,,
priv.dontP,Privacy (site),Medium (legal tone),"Thai Recall does not harvest, sell, or rent your personal search history or custom phrase library to third-party advertisers.",Thai Recall ไม่เก็บเกี่ยว ขาย หรือให้เช่าประวัติการค้นหาหรือคลังวลีส่วนตัวของคุณแก่ผู้โฆษณาภายนอก,,
priv.contactH,Privacy (site),Medium (legal tone),Contact,ติดต่อ,,
priv.contactP,Privacy (site),Medium (legal tone),Questions:,สอบถาม:,,
priv.appLink,Privacy (site),Medium (legal tone),Full Android app Privacy Policy,นโยบายความเป็นส่วนตัวของแอปแอนดรอยด์ฉบับเต็ม,,
apppriv.eyebrow,Privacy (app),Medium (legal tone),Legal · Android app,กฎหมาย · แอปแอนดรอยด์,,
apppriv.h1,Privacy (app),Medium (legal tone),ThaiRecall Privacy Policy,นโยบายความเป็นส่วนตัว ThaiRecall,,
apppriv.updated,Privacy (app),Medium (legal tone),"Last updated: August 20, 2026",อัปเดตล่าสุด: 20 สิงหาคม 2026,,
apppriv.s1h,Privacy (app),Medium (legal tone),1. Introduction,1. บทนำ,,
apppriv.s1p,Privacy (app),Medium (legal tone),"Welcome to ThaiRecall. We respect your privacy and are committed to protecting the personal data of our users. This Privacy Policy explains how we collect, use, and safeguard your information when you use our mobile application.",ยินดีต้อนรับสู่ ThaiRecall เราเคารพความเป็นส่วนตัวและมุ่งปกป้องข้อมูลส่วนบุคคลของผู้ใช้ นโยบายนี้อธิบายวิธีที่เราเก็บ ใช้ และคุ้มครองข้อมูลเมื่อคุณใช้แอปมือถือของเรา,,
apppriv.s2h,Privacy (app),Medium (legal tone),2. Data Collection and Use,2. การเก็บและใช้ข้อมูล,,
apppriv.s2local,Privacy (app),Medium (legal tone),"Local Data: ThaiRecall stores your saved words, phrases, and study progress locally on your device using an internal database. This data is not uploaded to our servers.",ข้อมูลในเครื่อง: ThaiRecall เก็บคำ วลี และความคืบหน้าการเรียนบนอุปกรณ์ของคุณในฐานข้อมูลภายใน ข้อมูลนี้ไม่ถูกอัปโหลดไปยังเซิร์ฟเวอร์ของเรา,,
apppriv.s2lookup,Privacy (app),Medium (legal tone),"Translation & Transliteration: When you use the Lookup or Precision RTGS features, the text you enter is sent to our secure API hosted on Google Cloud to perform the translation and syllable segmentation. This text is processed in real-time and is not stored or linked to your identity.",การแปลและการถอดเสียง: เมื่อใช้ Lookup หรือ Precision RTGS ข้อความที่คุณป้อนจะถูกส่งไปยัง API ที่ปลอดภัยบน Google Cloud เพื่อแปลและแบ่งพยางค์ ข้อความถูกประมวลผลแบบเรียลไทม์ และไม่ถูกเก็บหรือเชื่อมกับตัวตนของคุณ,,
apppriv.s2voice,Privacy (app),Medium (legal tone),Voice Data: The Speak functionality uses the standard Android Text-to-Speech engine. We do not record or collect any audio data from your device.,ข้อมูลเสียง: ฟังก์ชัน Speak ใช้เครื่องมือ Text-to-Speech มาตรฐานของแอนดรอยด์ เราไม่บันทึกหรือเก็บข้อมูลเสียงจากอุปกรณ์ของคุณ,,
apppriv.s3h,Privacy (app),Medium (legal tone),3. Permissions,3. สิทธิ์ที่ขอ,,
apppriv.s3lead,Privacy (app),Medium (legal tone),The app requests the following permissions:,แอปขอสิทธิ์ดังต่อไปนี้:,,
apppriv.s3net,Privacy (app),Medium (legal tone),Internet Access: Required to connect to the translation engine and verify your subscription status.,อินเทอร์เน็ต: จำเป็นเพื่อเชื่อมต่อเครื่องยนต์แปลและตรวจสอบสถานะการสมัครสมาชิก,,
apppriv.s3state,Privacy (app),Medium (legal tone),Network State: Used to check if your device is online before attempting a lookup.,สถานะเครือข่าย: ใช้ตรวจสอบว่าอุปกรณ์ออนไลน์ก่อนพยายามค้นหา,,
apppriv.s3bill,Privacy (app),Medium (legal tone),Billing: Required to process monthly subscriptions and forever (one-off) purchases through the Google Play Store.,การเรียกเก็บเงิน: จำเป็นสำหรับสมัครรายเดือนและการซื้อแบบจ่ายครั้งเดียวตลอดชีพผ่าน Google Play Store,,
apppriv.s4h,Privacy (app),Medium (legal tone),4. Third-Party Services,4. บริการบุคคลที่สาม,,
apppriv.s4lead,Privacy (app),Medium (legal tone),We use the following third-party services which may collect information used to identify you:,เราใช้บริการบุคคลที่สามต่อไปนี้ ซึ่งอาจเก็บข้อมูลที่ใช้ระบุตัวตนคุณ:,,
apppriv.s4play,Privacy (app),Medium (legal tone),Google Play Services: Handles app distribution and security.,Google Play Services: จัดการการเผยแพร่แอปและความปลอดภัย,,
apppriv.s4bill,Privacy (app),Medium (legal tone),Google Play Billing: Processes all financial transactions. We do not see or store your credit card or banking details; these are managed entirely by Google.,Google Play Billing: ดำเนินการธุรกรรมทางการเงินทั้งหมด เราไม่เห็นหรือเก็บรายละเอียดบัตรหรือบัญชีธนาคาร — Google เป็นผู้จัดการทั้งหมด,,
apppriv.s4gcp,Privacy (app),Medium (legal tone),Google Cloud Platform: Hosts our custom transliteration logic.,Google Cloud Platform: โฮสต์ตรรกะการถอดเสียงของเรา,,
apppriv.s5h,Privacy (app),Medium (legal tone),5. Children’s Privacy,5. ความเป็นส่วนตัวของเด็ก,,
apppriv.s5p,Privacy (app),Medium (legal tone),ThaiRecall does not address anyone under the age of 13. We do not knowingly collect personally identifiable information from children.,ThaiRecall ไม่ได้มุ่งเป้าไปที่ผู้ที่มีอายุต่ำกว่า 13 ปี เราไม่เจตนาเก็บข้อมูลที่ระบุตัวตนได้จากเด็ก,,
apppriv.s6h,Privacy (app),Medium (legal tone),6. Data Security,6. ความปลอดภัยของข้อมูล,,
apppriv.s6p,Privacy (app),Medium (legal tone),"We value your trust in providing us your information. We use industry-standard security measures to protect the communication between the app and our APIs. However, please remember that no method of transmission over the internet is 100% secure.",เราให้ความสำคัญกับความไว้วางใจของคุณ เราใช้มาตรการความปลอดภัยตามมาตรฐานอุตสาหกรรมเพื่อปกป้องการสื่อสารระหว่างแอปกับ API ของเรา อย่างไรก็ตาม ไม่มีวิธีส่งข้อมูลผ่านอินเทอร์เน็ตที่ปลอดภัย 100%,,
apppriv.s7h,Privacy (app),Medium (legal tone),7. Changes to This Privacy Policy,7. การเปลี่ยนแปลงนโยบาย,,
apppriv.s7p,Privacy (app),Medium (legal tone),We may update our Privacy Policy from time to time. You are advised to review this page periodically for any changes.,เราอาจอัปเดตนโยบายความเป็นส่วนตัวเป็นครั้งคราว แนะนำให้ตรวจทานหน้านี้เป็นระยะ,,
apppriv.s8h,Privacy (app),Medium (legal tone),8. Contact Us,8. ติดต่อเรา,,
apppriv.s8p,Privacy (app),Medium (legal tone),"If you have any questions or suggestions about our Privacy Policy, contact us at:",หากมีคำถามหรือข้อเสนอแนะเกี่ยวกับนโยบายความเป็นส่วนตัว ติดต่อเราที่:,,
apppriv.siteLink,Privacy (app),Medium (legal tone),Website privacy summary,สรุปความเป็นส่วนตัวของเว็บไซต์,,
apppriv.footer,Privacy (app),Medium (legal tone),© 2026 Thai Recall ·,© 2026 Thai Recall ·,,
